data_id,title,path_or_url,source_type,authority_level,status,license_or_access,spatial_scope,temporal_scope,confidence,owner,notes,updated_at
SRC-REPO-SKILL,Urban Design AI Submission Skill,skills/urban-design-ai-submission/SKILL.md,official_repository,E1,available,public,project,9051ca77,high,evidence_planner,正式工作流与硬规则入口；本机七文件已校验一致；submission-package参考新增模型披露规则,2026-08-09
SRC-PUBLIC-BRIEF,公开任务书,brief/public-brief.md,official_repository,E1,available,public,project,d28c1400,high,researcher,公开项目目标与边界,2026-08-09
SRC-AGENT-TASKBOOK,Agent Taskbook,brief/site-package/agent_taskbook.json,cleared_repository_document,E1,available,public-cleared,project,d28c1400,high,evidence_planner,六项必答任务及禁止声明；不能替代官方空间或控规条件,2026-08-09
SRC-FORMAL-GUIDE,Formal Submission Guide,docs/formal-submission-guide.md,official_repository,E1,available,public,project,9051ca77,high,qa_worker,proposal v2双语制包；中央与包内来源职责；仿真和视觉声明一致性,2026-08-09
SRC-DESIGN-BRIEF,Site Package Design Brief,brief/site-package/design_brief.json,official_repository,E1,available,public,project,d28c1400,high,evidence_planner,三层范围与专业任务；精确polygon仍缺失,2026-08-09
SRC-ALLOWED-SPACE,Allowed Design Space,brief/site-package/allowed_design_space.json,official_repository,E1,available,public,project,d28c1400,high,evidence_planner,可编辑图层锁定图层与禁止声明,2026-08-09
SRC-SOURCE-REGISTRY,Public Source Registry,data/source_registry.json,official_repository,E1,available,public,project,9051ca77,high,librarian,维护者中央共享登记表；非投稿自采来源全量清单；6项登记中5项formal yes和1项provisional only,2026-08-09
SRC-PLANNING-LIMITS,Planning Limits,brief/site-package/ranges/planning_limits.json,official_repository,E1,available,public,project,d28c1400,high,evidence_planner,已有官方约面积；项目控规指标仍missing,2026-08-09
SRC-STANDARDS,Professional Standards Registry,brief/site-package/standards/standards.json,official_repository,E1,available,public,project,d28c1400,high,evidence_planner,6项标准；建筑设计深度规定仍needs_official_file,2026-08-09
SRC-SCHEMAS,Submission JSON Schemas,brief/site-package/schemas/,official_repository,E1,available,public,project,9051ca77,high,qa_worker,9个JSON Schema draft 2020-12；manifest新增可选成对模型披露字段,2026-08-09
SRC-PROVISIONAL-GEOMETRY,Provisional Boundaries,brief/site-package/geometry/provisional_boundaries.geojson,provisional_repository_data,E3,available,public-provisional,three_scope_levels,9051ca77,medium,gis_analyst,仅用于临时生成展示和intake；Issue 846背景核对增加不确定性但不改变其provisional等级,2026-08-09
SRC-VALIDATION-SCRIPTS,Submission Validation Scripts,scripts/,official_repository_tool,E1,available,public,project,9051ca77,high,qa_worker,新增模型披露占位符拒绝、符号链接拒绝及simulation聚合一致性检查,2026-08-09
SRC-DATA-WORKFLOW,Data Workflow,docs/data-workflow.md,official_repository,E1,available,public,project,9051ca77,high,librarian,区分中央共享registry与投稿包sources；中央登记申请走source-registry Issue,2026-08-09
SRC-PROVISIONAL-BASIS,Provisional Boundaries Basis,brief/site-package/geometry/provisional_boundaries_basis.md,official_repository,E1,available,public-provisional,three_scope_levels,9051ca77,medium,gis_analyst,记录Issue 846 OSM背景核对及不能升级为官方边界的限制,2026-08-09
SRC-USER-RESEARCH-01,规划补盲项目流程与多Agent组织设计,C:/Users/xyh/Desktop/新建文件夹 (3)/百年京张 AI 创新带：规划补盲、项目流程与多 Agent 组织设计.docx,user_provided_cleared,E4,available,user-provided,project,2026-08-09,medium,librarian,工作方法输入；引用事实需重新核验；当前未复制入仓库,2026-08-09
SRC-USER-RESEARCH-02,规划全要素基础设施时间线与协作规范,C:/Users/xyh/Desktop/新建文件夹 (3)/百年京张AI创新带：规划全要素补充、AI时代基础设施体系、项目时间线与多Agent协作规范.docx,user_provided_cleared,E4,available,user-provided,project,2026-08-09,medium,librarian,工作方法输入；引用事实需重新核验；当前未复制入仓库,2026-08-09
SRC-AI-NATIVE-METHOD,AI-native Facility Method v0.1,project_control/ai_native/AI_NATIVE_METHOD_V0_1.md,project_method,E4,available,project-local,project,0.1,high,orchestrator,项目自定义规范；不是外部事实、官方评价或既有标准，不能支撑法定或实证主张,2026-08-12
SRC-G1-OFFICIAL-ANNOUNCEMENT,百年京张AI创新带城市设计国际方案征集资格预审公告,https://ghzrzyw.beijing.gov.cn/zhengwuxinxi/tzgg/hd/202605/t20260509_4643047.html,official_public_web,E1,reviewed_limited,public-web-terms-unverified,three_scope_levels,2026-05-09,high,evidence_planner,可支撑官方文字四至和约面积；不含清权GIS或CAD，不能支撑精确polygon,2026-08-13
SRC-G1-CONTROL-NOTICE,京张铁路遗址公园沿线人工智能创新街区重点地区街区控规草案公示采信通告,https://ghzrzyw.beijing.gov.cn/chengxiangguihua/ghlgg/hd_ghlgg/202502/t20250207_4005553.html,official_public_web,E1,reviewed_background,public-web-terms-unverified,street_blocks,2025-02-08,high,evidence_planner,只证明草案公示及若干道路节点意见采信；未取得完整图则，不能填项目控规或道路红线,2026-08-13
SRC-G1-HERITAGE-QHY,清华园车站旧址保护范围及建设控制地带,https://wwj.beijing.gov.cn/bjww/362771/362782/743928533/743928745/index.html,official_public_web,E1,reviewed_textual_control,public-web-terms-unverified,qinghuayuan_station,2026-02-14,high,evidence_planner,可支撑官方文字约束；网页示意图缺可核实空间基准，不得擅自矢量化为正式控制polygon,2026-08-13
SRC-G1-HERITAGE-NOTICE,北京市人民政府关于公布第十一批文物保护单位保护范围及建设控制地带的通知,https://wwj.beijing.gov.cn/bjww/362690/2024zcwj/743748025/index.html,official_public_web,E1,reviewed_limited,public-web-terms-unverified,beijing,2025-01-11,high,evidence_planner,确认清华园车站旧址批次及图纸另行印发；不能替代另行印发图纸,2026-08-13
SRC-G1-PARK-PHASE2,京张铁路遗址公园二期计划信息,https://www.beijing.gov.cn/ywdt/gqrd/202409/t20240920_3902264.html,official_public_web,E1,reviewed_background,public-web-terms-unverified,jingzhang_park,2024-09-20,medium,researcher,用于公园建设与服务背景；计划性报道需更新资料核对实际状态，不能作为精确geometry或容量依据,2026-08-13
SRC-G1-PARK-CATALOG,京张铁路遗址公园公共公园名录,https://yllhj.beijing.gov.cn/ggfw/bjsggml/zhgy/hdq/202507/t20250724_4156668.shtml,official_public_web,E1,reviewed_background,public-web-terms-unverified,jingzhang_park,2025-07-24,medium,librarian,可用于公园名录和服务属性背景；页面地址疑似机构通讯地址，不得作为公园坐标,2026-08-13
